G Boycott,http://www.espncricinfo.com/ci/content/player/9187.html
MC Cowdrey,http://www.espncricinfo.com/ci/content/player/10846.html
BL D'Oliveira,http://www.espncricinfo.com/ci/content/player/11914.html
JH Edrich,http://www.espncricinfo.com/ci/content/player/12490.html
KWR Fletcher,http://www.espncricinfo.com/ci/content/player/12854.html
JH Hampshire,http://www.espncricinfo.com/ci/content/player/14024.html
R Illingworth,http://www.espncricinfo.com/ci/content/player/15385.html
APE Knott,http://www.espncricinfo.com/ci/content/player/15917.html
P Lever,http://www.espncricinfo.com/ci/content/player/16262.html
K Shuttleworth,http://www.espncricinfo.com/ci/content/player/20182.html
JA Snow,http://www.espncricinfo.com/ci/content/player/20282.html
DL Amiss,http://www.espncricinfo.com/ci/content/player/8535.html
GG Arnold,http://www.espncricinfo.com/ci/content/player/8566.html
DB Close,http://www.espncricinfo.com/ci/content/player/10754.html
AW Greig,http://www.espncricinfo.com/ci/content/player/13463.html
RA Woolmer,http://www.espncricinfo.com/ci/content/player/22520.html
B Wood,http://www.espncricinfo.com/ci/content/player/22498.html
FC Hayes,http://www.espncricinfo.com/ci/content/player/14106.html
GRJ Roope,http://www.espncricinfo.com/ci/content/player/19469.html
DL Underwood,http://www.espncricinfo.com/ci/content/player/22149.html
MH Denness,http://www.espncricinfo.com/ci/content/player/11870.html
M Hendrick,http://www.espncricinfo.com/ci/content/player/14159.html
CM Old,http://www.espncricinfo.com/ci/content/player/18256.html
MJ Smith,http://www.espncricinfo.com/ci/content/player/20257.html
RW Taylor,http://www.espncricinfo.com/ci/content/player/21494.html
RGD Willis,http://www.espncricinfo.com/ci/content/player/22462.html
JA Jameson,http://www.espncricinfo.com/ci/content/player/15468.html
D Lloyd,http://www.espncricinfo.com/ci/content/player/16318.html
RD Jackman,http://www.espncricinfo.com/ci/content/player/15461.html
BW Luckhurst,http://www.espncricinfo.com/ci/content/player/16370.html
FJ Titmus,http://www.espncricinfo.com/ci/content/player/21548.html
GD Barlow,http://www.espncricinfo.com/ci/content/player/8990.html
IT Botham,http://www.espncricinfo.com/ci/content/player/9163.html
GA Gooch,http://www.espncricinfo.com/ci/content/player/13399.html
JK Lever,http://www.espncricinfo.com/ci/content/player/16260.html
DS Steele,http://www.espncricinfo.com/ci/content/player/20345.html
DW Randall,http://www.espncricinfo.com/ci/content/player/19327.html
JM Brearley,http://www.espncricinfo.com/ci/content/player/9208.html
P Willey,http://www.espncricinfo.com/ci/content/player/22442.html
G Miller,http://www.espncricinfo.com/ci/content/player/17025.html
PR Downton,http://www.espncricinfo.com/ci/content/player/11931.html
PH Edmonds,http://www.espncricinfo.com/ci/content/player/12486.html
MW Gatting,http://www.espncricinfo.com/ci/content/player/13340.html
BC Rose,http://www.espncricinfo.com/ci/content/player/19478.html
GA Cope,http://www.espncricinfo.com/ci/content/player/10809.html
DI Gower,http://www.espncricinfo.com/ci/content/player/13418.html
CT Radley,http://www.espncricinfo.com/ci/content/player/19316.html
RW Tolchard,http://www.espncricinfo.com/ci/content/player/21550.html
DL Bairstow,http://www.espncricinfo.com/ci/content/player/8954.html
W Larkins,http://www.espncricinfo.com/ci/content/player/16203.html
GR Dilley,http://www.espncricinfo.com/ci/content/player/11893.html
JE Emburey,http://www.espncricinfo.com/ci/content/player/12514.html
GB Stevenson,http://www.espncricinfo.com/ci/content/player/20363.html
CJ Tavare,http://www.espncricinfo.com/ci/content/player/21466.html
VJ Marks,http://www.espncricinfo.com/ci/content/player/16899.html
CWJ Athey,http://www.espncricinfo.com/ci/content/player/8581.html
AR Butcher,http://www.espncricinfo.com/ci/content/player/9323.html
RO Butcher,http://www.espncricinfo.com/ci/content/player/9329.html
GW Humpage,http://www.espncricinfo.com/ci/content/player/14302.html
JD Love,http://www.espncricinfo.com/ci/content/player/16352.html
G Cook,http://www.espncricinfo.com/ci/content/player/10793.html
CJ Richards,http://www.espncricinfo.com/ci/content/player/19394.html
PJW Allott,http://www.espncricinfo.com/ci/content/player/8526.html
AJ Lamb,http://www.espncricinfo.com/ci/content/player/16178.html
EE Hemmings,http://www.espncricinfo.com/ci/content/player/14152.html
DR Pringle,http://www.espncricinfo.com/ci/content/player/18627.html
NG Cowans,http://www.espncricinfo.com/ci/content/player/10839.html
TE Jesty,http://www.espncricinfo.com/ci/content/player/15511.html
IJ Gould,http://www.espncricinfo.com/ci/content/player/13414.html
G Fowler,http://www.espncricinfo.com/ci/content/player/12884.html
NA Foster,http://www.espncricinfo.com/ci/content/player/12879.html
CL Smith,http://www.espncricinfo.com/ci/content/player/20233.html
NGB Cook,http://www.espncricinfo.com/ci/content/player/10797.html
TA Lloyd,http://www.espncricinfo.com/ci/content/player/16322.html
RM Ellison,http://www.espncricinfo.com/ci/content/player/12507.html
RT Robinson,http://www.espncricinfo.com/ci/content/player/19445.html
JP Agnew,http://www.espncricinfo.com/ci/content/player/8501.html
CS Cowdrey,http://www.espncricinfo.com/ci/content/player/10843.html
MD Moxon,http://www.espncricinfo.com/ci/content/player/17119.html
BN French,http://www.espncricinfo.com/ci/content/player/12923.html
N Gifford,http://www.espncricinfo.com/ci/content/player/13365.html
CM Wells,http://www.espncricinfo.com/ci/content/player/22363.html
RJ Bailey,http://www.espncricinfo.com/ci/content/player/8942.html
PI Pocock,http://www.espncricinfo.com/ci/content/player/18557.html
LB Taylor,http://www.espncricinfo.com/ci/content/player/21486.html
JG Thomas,http://www.espncricinfo.com/ci/content/player/21512.html
WN Slack,http://www.espncricinfo.com/ci/content/player/20206.html
DM Smith,http://www.espncricinfo.com/ci/content/player/20235.html
MR Benson,http://www.espncricinfo.com/ci/content/player/9074.html
BC Broad,http://www.espncricinfo.com/ci/content/player/9230.html
PAJ DeFreitas,http://www.espncricinfo.com/ci/content/player/11865.html
GC Small,http://www.espncricinfo.com/ci/content/player/20217.html
DJ Capel,http://www.espncricinfo.com/ci/content/player/10653.html
NH Fairbrother,http://www.espncricinfo.com/ci/content/player/12803.html
JJ Whitaker,http://www.espncricinfo.com/ci/content/player/22392.html
RC Russell,http://www.espncricinfo.com/ci/content/player/19500.html
PW Jarvis,http://www.espncricinfo.com/ci/content/player/15485.html
NV Radford,http://www.espncricinfo.com/ci/content/player/19314.html
MA Lynch,http://www.espncricinfo.com/ci/content/player/16378.html
KJ Barnett,http://www.espncricinfo.com/ci/content/player/9002.html
RA Smith,http://www.espncricinfo.com/ci/content/player/20263.html
SJ Rhodes,http://www.espncricinfo.com/ci/content/player/19374.html
ARC Fraser,http://www.espncricinfo.com/ci/content/player/12909.html
AJ Stewart,http://www.espncricinfo.com/ci/content/player/20372.html
N Hussain,http://www.espncricinfo.com/ci/content/player/14325.html
CC Lewis,http://www.espncricinfo.com/ci/content/player/16274.html
DE Malcolm,http://www.espncricinfo.com/ci/content/player/16885.html
MA Atherton,http://www.espncricinfo.com/ci/content/player/8579.html
JE Morris,http://www.espncricinfo.com/ci/content/player/17102.html
MP Bicknell,http://www.espncricinfo.com/ci/content/player/9089.html
PCR Tufnell,http://www.espncricinfo.com/ci/content/player/21611.html
GA Hick,http://www.espncricinfo.com/ci/content/player/14187.html
RK Illingworth,http://www.espncricinfo.com/ci/content/player/15383.html
MR Ramprakash,http://www.espncricinfo.com/ci/content/player/19323.html
DV Lawrence,http://www.espncricinfo.com/ci/content/player/16219.html
DA Reeve,http://www.espncricinfo.com/ci/content/player/19364.html
RJ Blakey,http://www.espncricinfo.com/ci/content/player/9121.html
DG Cork,http://www.espncricinfo.com/ci/content/player/10816.html
IDK Salisbury,http://www.espncricinfo.com/ci/content/player/20051.html
JP Taylor,http://www.espncricinfo.com/ci/content/player/21484.html
AR Caddick,http://www.espncricinfo.com/ci/content/player/10633.html
GP Thorpe,http://www.espncricinfo.com/ci/content/player/21537.html
AP Igglesden,http://www.espncricinfo.com/ci/content/player/15380.html
MP Maynard,http://www.espncricinfo.com/ci/content/player/16951.html
SL Watkin,http://www.espncricinfo.com/ci/content/player/22333.html
D Gough,http://www.espncricinfo.com/ci/content/player/13411.html
SD Udal,http://www.espncricinfo.com/ci/content/player/22144.html
JE Benjamin,http://www.espncricinfo.com/ci/content/player/9069.html
C White,http://www.espncricinfo.com/ci/content/player/22403.html
JP Crawley,http://www.espncricinfo.com/ci/content/player/10870.html
PJ Martin,http://www.espncricinfo.com/ci/content/player/16925.html
AP Wells,http://www.espncricinfo.com/ci/content/player/22361.html
NMK Smith,http://www.espncricinfo.com/ci/content/player/20259.html
M Watkinson,http://www.espncricinfo.com/ci/content/player/22328.html
AD Brown,http://www.espncricinfo.com/ci/content/player/9246.html
MA Ealham,http://www.espncricinfo.com/ci/content/player/12466.html
RC Irani,http://www.espncricinfo.com/ci/content/player/15403.html
RDB Croft,http://www.espncricinfo.com/ci/content/player/10881.html
DW Headley,http://www.espncricinfo.com/ci/content/player/14127.html
NV Knight,http://www.espncricinfo.com/ci/content/player/15913.html
GD Lloyd,http://www.espncricinfo.com/ci/content/player/16320.html
AD Mullally,http://www.espncricinfo.com/ci/content/player/17121.html
AJ Hollioake,http://www.espncricinfo.com/ci/content/player/14244.html
CEW Silverwood,http://www.espncricinfo.com/ci/content/player/20193.html
AF Giles,http://www.espncricinfo.com/ci/content/player/13368.html
BC Hollioake,http://www.espncricinfo.com/ci/content/player/14246.html
DR Brown,http://www.espncricinfo.com/ci/content/player/9254.html
MV Fleming,http://www.espncricinfo.com/ci/content/player/12850.html
CJ Adams,http://www.espncricinfo.com/ci/content/player/8487.html
DL Maddy,http://www.espncricinfo.com/ci/content/player/16876.html
ID Austin,http://www.espncricinfo.com/ci/content/player/8590.html
MW Alleyne,http://www.espncricinfo.com/ci/content/player/8520.html
VJ Wells,http://www.espncricinfo.com/ci/content/player/22365.html
A Flintoff,http://www.espncricinfo.com/ci/content/player/12856.html
CMW Read,http://www.espncricinfo.com/ci/content/player/19346.html
VS Solanki,http://www.espncricinfo.com/ci/content/player/20286.html
GP Swann,http://www.espncricinfo.com/ci/content/player/20431.html
ME Trescothick,http://www.espncricinfo.com/ci/content/player/21585.html
PJ Franks,http://www.espncricinfo.com/ci/content/player/12906.html
AP Grayson,http://www.espncricinfo.com/ci/content/player/13437.html
MP Vaughan,http://www.espncricinfo.com/ci/content/player/22182.html
PD Collingwood,http://www.espncricinfo.com/ci/content/player/10772.html
OA Shah,http://www.espncricinfo.com/ci/content/player/20123.html
JS Foster,http://www.espncricinfo.com/ci/content/player/12877.html
MJ Hoggard,http://www.espncricinfo.com/ci/content/player/14236.html
RJ Kirtley,http://www.espncricinfo.com/ci/content/player/15901.html
JN Snape,http://www.espncricinfo.com/ci/content/player/20278.html
RJ Sidebottom,http://www.espncricinfo.com/ci/content/player/20187.html
AJ Tudor,http://www.espncricinfo.com/ci/content/player/21607.html
ID Blackwell,http://www.espncricinfo.com/ci/content/player/9117.html
GJ Batty,http://www.espncricinfo.com/ci/content/player/9042.html
JM Anderson,http://www.espncricinfo.com/ci/content/player/8608.html
SJ Harmison,http://www.espncricinfo.com/ci/content/player/14054.html
R Clarke,http://www.espncricinfo.com/ci/content/player/11724.html
A McGrath,http://www.espncricinfo.com/ci/content/player/16975.html
JO Troughton,http://www.espncricinfo.com/ci/content/player/21598.html
RL Johnson,http://www.espncricinfo.com/ci/content/player/15522.html
RWT Key,http://www.espncricinfo.com/ci/content/player/15876.html
Kabir Ali,http://www.espncricinfo.com/ci/content/player/8476.html
AJ Strauss,http://www.espncricinfo.com/ci/content/player/20387.html
GO Jones,http://www.espncricinfo.com/ci/content/player/15501.html
SI Mahmood,http://www.espncricinfo.com/ci/content/player/17944.html
AG Wharf,http://www.espncricinfo.com/ci/content/player/22380.html
IR Bell,http://www.espncricinfo.com/ci/content/player/9062.html
KP Pietersen,http://www.espncricinfo.com/ci/content/player/19296.html
SP Jones,http://www.espncricinfo.com/ci/content/player/15555.html
MJ Prior,http://www.espncricinfo.com/ci/content/player/18675.html
J Lewis,http://www.espncricinfo.com/ci/content/player/16281.html
CT Tremlett,http://www.espncricinfo.com/ci/content/player/21650.html
LE Plunkett,http://www.espncricinfo.com/ci/content/player/19264.html
G Chapple,http://www.espncricinfo.com/ci/content/player/10712.html
JWM Dalrymple,http://www.espncricinfo.com/ci/content/player/11974.html
EC Joyce,http://www.espncricinfo.com/ci/content/player/24249.html
TT Bresnan,http://www.espncricinfo.com/ci/content/player/9310.html
AGR Loudon,http://www.espncricinfo.com/ci/content/player/16388.html
AN Cook,http://www.espncricinfo.com/ci/content/player/11728.html
SCJ Broad,http://www.espncricinfo.com/ci/content/player/10617.html
MH Yardy,http://www.espncricinfo.com/ci/content/player/23523.html
PA Nixon,http://www.espncricinfo.com/ci/content/player/18023.html
MS Panesar,http://www.espncricinfo.com/ci/content/player/18655.html
MB Loye,http://www.espncricinfo.com/ci/content/player/16362.html
RS Bopara,http://www.espncricinfo.com/ci/content/player/10582.html
AD Mascarenhas,http://www.espncricinfo.com/ci/content/player/16932.html
LJ Wright,http://www.espncricinfo.com/ci/content/player/23460.html
P Mustard,http://www.espncricinfo.com/ci/content/player/17185.html
TR Ambrose,http://www.espncricinfo.com/ci/content/player/8845.html
SR Patel,http://www.espncricinfo.com/ci/content/player/18632.html
EJG Morgan,http://www.espncricinfo.com/ci/content/player/24598.html
JL Denly,http://www.espncricinfo.com/ci/content/player/12454.html
AU Rashid,http://www.espncricinfo.com/ci/content/player/244497.html
IJL Trott,http://www.espncricinfo.com/ci/content/player/47623.html
G Onions,http://www.espncricinfo.com/ci/content/player/18389.html
SM Davies,http://www.espncricinfo.com/ci/content/player/12450.html
C Kieswetter,http://www.espncricinfo.com/ci/content/player/230855.html
JC Tredwell,http://www.espncricinfo.com/ci/content/player/21646.html
A Shahzad,http://www.espncricinfo.com/ci/content/player/21431.html
CR Woakes,http://www.espncricinfo.com/ci/content/player/247235.html
ST Finn,http://www.espncricinfo.com/ci/content/player/210283.html
JW Dernbach,http://www.espncricinfo.com/ci/content/player/12461.html
SG Borthwick,http://www.espncricinfo.com/ci/content/player/310519.html
BA Stokes,http://www.espncricinfo.com/ci/content/player/311158.html
JWA Taylor,http://www.espncricinfo.com/ci/content/player/297635.html
JM Bairstow,http://www.espncricinfo.com/ci/content/player/297433.html
SC Meaker,http://www.espncricinfo.com/ci/content/player/297634.html
DR Briggs,http://www.espncricinfo.com/ci/content/player/310107.html
JC Buttler,http://www.espncricinfo.com/ci/content/player/308967.html
JE Root,http://www.espncricinfo.com/ci/content/player/303669.html
GS Ballance,http://www.espncricinfo.com/ci/content/player/232438.html
MA Carberry,http://www.espncricinfo.com/ci/content/player/10656.html
WB Rankin,http://www.espncricinfo.com/ci/content/player/24599.html
CJ Jordan,http://www.espncricinfo.com/ci/content/player/288992.html
MM Ali,http://www.espncricinfo.com/ci/content/player/8917.html
MJ Lumb,http://www.espncricinfo.com/ci/content/player/16406.html
SD Parry,http://www.espncricinfo.com/ci/content/player/215058.html
HF Gurney,http://www.espncricinfo.com/ci/content/player/244639.html
AD Hales,http://www.espncricinfo.com/ci/content/player/249866.html
ZS Ansari,http://www.espncricinfo.com/ci/content/player/349853.html
JJ Roy,http://www.espncricinfo.com/ci/content/player/298438.html
JM Vince,http://www.espncricinfo.com/ci/content/player/296597.html
DJ Willey,http://www.espncricinfo.com/ci/content/player/308251.html
MA Wood,http://www.espncricinfo.com/ci/content/player/351588.html
SW Billings,http://www.espncricinfo.com/ci/content/player/297628.html
RJW Topley,http://www.espncricinfo.com/ci/content/player/461632.html
LA Dawson,http://www.espncricinfo.com/ci/content/player/211855.html
JT Ball,http://www.espncricinfo.com/ci/content/player/414990.html
BM Duckett,http://www.espncricinfo.com/ci/content/player/521637.html
TS Roland-Jones,http://www.espncricinfo.com/ci/content/player/370535.html
TK Curran,http://www.espncricinfo.com/ci/content/player/550235.html
